CustomerID	FirstName	LastName	Email	Gender	Country	SignupDate	Age	AnnualIncome	IsActive
1	Diana	Smith	user1@example.com	F	USA	2023-01-01	23	40106	True
2	Eve	Miller	user2@example.com	M	India	2023-01-02	26	98008	True
3	Charlie	Miller	user3@example.com	F	Australia	2023-01-03	23	102240	False
4	Eve	Jones	user4@example.com	F	Canada	2023-01-04	26	94315	True
5	Eve	Johnson	user5@example.com	M	UK	2023-01-05	56	99249	False
6	Bob	Johnson	user6@example.com	F	Canada	2023-01-06	48	100587	False
7	Charlie	Miller	user7@example.com	F	India	2023-01-07	49	40756	True
8	Charlie	Jones	user8@example.com	F	Canada	2023-01-08	58	98011	True
9	Charlie	Brown	user9@example.com	M	USA	2023-01-09	67	66378	True
10	Eve	Johnson	user10@example.com	F	India	2023-01-10	29	34255	False
11	Diana	Brown	user11@example.com	F	UK	2023-01-11	25	44484	True
12	Charlie	Johnson	user12@example.com	F	USA	2023-01-12	25	86549	False
13	Frank	Johnson	user13@example.com	M	India	2023-01-13	67	64503	True
14	Eve	Williams	user14@example.com	F	UK	2023-01-14	45	103794	True
15	Bob	Johnson	user15@example.com	M	USA	2023-01-15	37	75113	False
16	Diana	Smith	user16@example.com	M	USA	2023-01-16	64	104069	False
17	Frank	Jones	user17@example.com	M	India	2023-01-17	24	35249	True
18	Frank	Jones	user18@example.com	M	Australia	2023-01-18	28	49201	False
19	Bob	Brown	user19@example.com	M	USA	2023-01-19	37	88576	False
20	Diana	Johnson	user20@example.com	M	USA	2023-01-20	33	39686	False
21	Eve	Smith	user21@example.com	F	UK	2023-01-21	21	83363	False
22	Alice	Brown	user22@example.com	M	Canada	2023-01-22	23	30661	False
23	Diana	Williams	user23@example.com	F	India	2023-01-23	39	74843	True
24	Bob	Brown	user24@example.com	F	India	2023-01-24	43	90963	True
25	Frank	Brown	user25@example.com	M	Australia	2023-01-25	20	72828	False
26	Eve	Johnson	user26@example.com	F	Australia	2023-01-26	58	78604	True
27	Diana	Williams	user27@example.com	F	India	2023-01-27	59	40526	True
28	Alice	Brown	user28@example.com	F	Australia	2023-01-28	31	98910	False
29	Alice	Smith	user29@example.com	F	UK	2023-01-29	28	55592	True
30	Charlie	Smith	user30@example.com	M	India	2023-01-30	35	58982	False
31	Charlie	Jones	user31@example.com	F	Australia	2023-01-31	29	30207	False
32	Bob	Williams	user32@example.com	M	India	2023-02-01	40	118733	True
33	Diana	Williams	user33@example.com	F	Canada	2023-02-02	29	98619	False
34	Diana	Jones	user34@example.com	F	USA	2023-02-03	30	59328	False
35	Frank	Brown	user35@example.com	M	India	2023-02-04	42	76479	False
36	Frank	Williams	user36@example.com	F	USA	2023-02-05	62	50103	False
37	Frank	Smith	user37@example.com	F	Australia	2023-02-06	68	69891	False
38	Charlie	Smith	user38@example.com	F	USA	2023-02-07	36	40754	True
39	Diana	Johnson	user39@example.com	M	India	2023-02-08	63	111437	True
40	Diana	Williams	user40@example.com	F	Canada	2023-02-09	53	102982	False
41	Alice	Brown	user41@example.com	M	Australia	2023-02-10	62	85922	False
42	Charlie	Jones	user42@example.com	F	India	2023-02-11	25	78231	True
43	Eve	Jones	user43@example.com	M	Australia	2023-02-12	46	59301	False
44	Charlie	Brown	user44@example.com	M	UK	2023-02-13	49	92711	True
45	Eve	Miller	user45@example.com	F	USA	2023-02-14	68	71323	False
46	Alice	Johnson	user46@example.com	F	UK	2023-02-15	61	48752	False
47	Bob	Jones	user47@example.com	M	India	2023-02-16	35	112205	False
48	Diana	Williams	user48@example.com	M	Canada	2023-02-17	23	43395	False
49	Alice	Johnson	user49@example.com	F	Australia	2023-02-18	35	115957	False
50	Diana	Williams	user50@example.com	M	USA	2023-02-19	36	86273	False
51	Frank	Smith	user51@example.com	F	Australia	2023-02-20	39	34895	False
52	Bob	Johnson	user52@example.com	F	India	2023-02-21	54	106559	True
53	Bob	Jones	user53@example.com	F	Australia	2023-02-22	49	40699	True
54	Alice	Johnson	user54@example.com	F	USA	2023-02-23	58	95061	True
55	Bob	Johnson	user55@example.com	M	India	2023-02-24	20	39715	False
56	Eve	Johnson	user56@example.com	F	Australia	2023-02-25	45	49169	False
57	Bob	Miller	user57@example.com	M	Canada	2023-02-26	27	46163	False
58	Diana	Johnson	user58@example.com	F	India	2023-02-27	68	35782	False
59	Diana	Williams	user59@example.com	M	India	2023-02-28	52	118177	False
60	Diana	Smith	user60@example.com	F	Canada	2023-03-01	46	114328	False
61	Diana	Brown	user61@example.com	M	UK	2023-03-02	32	65585	False
62	Eve	Johnson	user62@example.com	M	USA	2023-03-03	50	60682	True
63	Charlie	Jones	user63@example.com	F	UK	2023-03-04	24	77864	False
64	Frank	Johnson	user64@example.com	F	Australia	2023-03-05	29	114416	True
65	Alice	Jones	user65@example.com	F	Canada	2023-03-06	66	85114	True
66	Diana	Williams	user66@example.com	F	UK	2023-03-07	47	68067	False
67	Bob	Jones	user67@example.com	M	India	2023-03-08	38	72685	False
68	Diana	Brown	user68@example.com	F	Australia	2023-03-09	48	48073	True
69	Bob	Smith	user69@example.com	M	Australia	2023-03-10	41	66035	True
70	Frank	Jones	user70@example.com	M	UK	2023-03-11	37	94977	False
71	Frank	Jones	user71@example.com	F	UK	2023-03-12	54	113362	False
72	Frank	Smith	user72@example.com	M	Canada	2023-03-13	21	95450	True
73	Bob	Brown	user73@example.com	M	USA	2023-03-14	45	40382	False
74	Diana	Johnson	user74@example.com	M	UK	2023-03-15	61	34437	False
75	Frank	Jones	user75@example.com	M	UK	2023-03-16	37	100971	False
76	Eve	Smith	user76@example.com	F	India	2023-03-17	41	94612	True
77	Bob	Williams	user77@example.com	F	Australia	2023-03-18	67	91929	True
78	Bob	Smith	user78@example.com	F	USA	2023-03-19	66	42329	True
79	Diana	Williams	user79@example.com	F	India	2023-03-20	68	55169	False
80	Bob	Brown	user80@example.com	M	Canada	2023-03-21	49	117468	False
81	Bob	Johnson	user81@example.com	M	Canada	2023-03-22	58	64594	True
82	Frank	Smith	user82@example.com	F	UK	2023-03-23	53	106957	True
83	Diana	Miller	user83@example.com	F	UK	2023-03-24	51	90631	True
84	Frank	Jones	user84@example.com	F	Canada	2023-03-25	53	75033	False
85	Frank	Brown	user85@example.com	M	UK	2023-03-26	19	93133	True
86	Diana	Smith	user86@example.com	F	USA	2023-03-27	32	103165	True
87	Alice	Jones	user87@example.com	F	UK	2023-03-28	51	103861	False
88	Frank	Smith	user88@example.com	F	Australia	2023-03-29	53	82290	False
89	Eve	Williams	user89@example.com	M	UK	2023-03-30	23	61750	False
90	Eve	Smith	user90@example.com	M	India	2023-03-31	56	70461	True
91	Bob	Miller	user91@example.com	M	USA	2023-04-01	59	103800	False
92	Eve	Smith	user92@example.com	M	India	2023-04-02	68	108222	False
93	Bob	Smith	user93@example.com	M	India	2023-04-03	68	54226	True
94	Alice	Miller	user94@example.com	M	Australia	2023-04-04	29	36721	False
95	Diana	Brown	user95@example.com	M	USA	2023-04-05	20	86154	True
96	Diana	Smith	user96@example.com	M	USA	2023-04-06	62	50609	True
97	Diana	Miller	user97@example.com	F	USA	2023-04-07	35	82130	False
98	Eve	Jones	user98@example.com	F	USA	2023-04-08	57	102909	False
99	Alice	Williams	user99@example.com	M	USA	2023-04-09	38	85249	False
100	Eve	Williams	user100@example.com	M	Australia	2023-04-10	32	78895	False
101	Eve	Smith	user101@example.com	F	UK	2023-04-11	50	35656	False
102	Alice	Brown	user102@example.com	M	India	2023-04-12	52	104520	False
103	Alice	Brown	user103@example.com	M	USA	2023-04-13	43	93740	True
104	Alice	Jones	user104@example.com	M	UK	2023-04-14	25	94309	True
105	Alice	Smith	user105@example.com	F	UK	2023-04-15	53	59984	False
106	Diana	Williams	user106@example.com	F	India	2023-04-16	65	103822	True
107	Charlie	Brown	user107@example.com	F	Australia	2023-04-17	47	35901	False
108	Charlie	Smith	user108@example.com	F	Canada	2023-04-18	40	61552	True
109	Alice	Brown	user109@example.com	F	Canada	2023-04-19	59	61055	True
110	Charlie	Miller	user110@example.com	M	UK	2023-04-20	61	67685	True
111	Charlie	Brown	user111@example.com	F	India	2023-04-21	31	103965	False
112	Alice	Williams	user112@example.com	M	Canada	2023-04-22	31	44716	True
113	Charlie	Johnson	user113@example.com	M	UK	2023-04-23	19	41138	False
114	Eve	Jones	user114@example.com	F	Australia	2023-04-24	54	65298	True
115	Bob	Jones	user115@example.com	F	Canada	2023-04-25	22	81112	True
116	Bob	Williams	user116@example.com	M	UK	2023-04-26	55	53429	True
117	Alice	Brown	user117@example.com	M	UK	2023-04-27	62	80200	True
118	Diana	Smith	user118@example.com	M	USA	2023-04-28	58	101308	True
119	Alice	Brown	user119@example.com	F	Australia	2023-04-29	64	78244	False
120	Diana	Williams	user120@example.com	F	USA	2023-04-30	31	47347	False
121	Bob	Jones	user121@example.com	F	India	2023-05-01	56	46920	True
122	Alice	Brown	user122@example.com	F	USA	2023-05-02	42	61822	True
123	Frank	Jones	user123@example.com	F	USA	2023-05-03	37	76659	True
124	Eve	Smith	user124@example.com	M	Canada	2023-05-04	19	70108	True
125	Charlie	Jones	user125@example.com	F	UK	2023-05-05	56	119099	False
126	Diana	Jones	user126@example.com	M	Australia	2023-05-06	23	37967	True
127	Frank	Johnson	user127@example.com	M	USA	2023-05-07	34	41871	False
128	Charlie	Johnson	user128@example.com	M	Australia	2023-05-08	42	107452	True
129	Charlie	Miller	user129@example.com	F	USA	2023-05-09	45	104270	False
130	Alice	Johnson	user130@example.com	F	India	2023-05-10	19	63613	True
131	Charlie	Jones	user131@example.com	F	USA	2023-05-11	52	58179	True
132	Eve	Williams	user132@example.com	M	Canada	2023-05-12	54	82188	False
133	Frank	Jones	user133@example.com	M	UK	2023-05-13	22	85099	True
134	Charlie	Williams	user134@example.com	M	India	2023-05-14	18	65262	True
135	Alice	Williams	user135@example.com	M	USA	2023-05-15	57	108213	True
136	Eve	Johnson	user136@example.com	M	Australia	2023-05-16	29	48268	False
137	Bob	Brown	user137@example.com	M	India	2023-05-17	53	107866	True
138	Frank	Smith	user138@example.com	F	India	2023-05-18	62	116269	True
139	Charlie	Johnson	user139@example.com	F	USA	2023-05-19	40	90545	False
140	Alice	Johnson	user140@example.com	F	India	2023-05-20	64	102146	False
141	Bob	Brown	user141@example.com	F	Australia	2023-05-21	48	101966	False
142	Bob	Smith	user142@example.com	M	India	2023-05-22	28	69922	True
143	Diana	Jones	user143@example.com	M	Australia	2023-05-23	27	109364	True
144	Eve	Miller	user144@example.com	F	USA	2023-05-24	20	72913	True
145	Charlie	Miller	user145@example.com	M	UK	2023-05-25	31	85677	False
146	Alice	Jones	user146@example.com	F	India	2023-05-26	33	79841	True
147	Diana	Johnson	user147@example.com	F	UK	2023-05-27	27	76332	True
148	Eve	Smith	user148@example.com	F	Australia	2023-05-28	46	55032	False
149	Diana	Johnson	user149@example.com	M	India	2023-05-29	27	67846	False
150	Frank	Williams	user150@example.com	F	Canada	2023-05-30	29	89474	False
151	Eve	Johnson	user151@example.com	F	UK	2023-05-31	47	74936	False
152	Eve	Johnson	user152@example.com	F	India	2023-06-01	58	59794	False
153	Charlie	Jones	user153@example.com	M	UK	2023-06-02	18	91588	True
154	Eve	Jones	user154@example.com	M	India	2023-06-03	22	100984	False
155	Diana	Jones	user155@example.com	F	USA	2023-06-04	37	80331	True
156	Eve	Miller	user156@example.com	M	UK	2023-06-05	25	58141	True
157	Charlie	Williams	user157@example.com	M	Canada	2023-06-06	60	39074	False
158	Charlie	Jones	user158@example.com	M	Canada	2023-06-07	29	36406	False
159	Frank	Smith	user159@example.com	M	Australia	2023-06-08	18	53291	False
160	Diana	Miller	user160@example.com	M	India	2023-06-09	37	71568	True
161	Bob	Brown	user161@example.com	M	UK	2023-06-10	45	76851	False
162	Bob	Smith	user162@example.com	M	Australia	2023-06-11	60	84823	False
163	Eve	Smith	user163@example.com	M	UK	2023-06-12	54	53312	False
164	Frank	Jones	user164@example.com	M	India	2023-06-13	64	73108	False
165	Alice	Brown	user165@example.com	M	Canada	2023-06-14	54	96918	False
166	Eve	Brown	user166@example.com	F	USA	2023-06-15	29	64171	True
167	Frank	Miller	user167@example.com	F	Canada	2023-06-16	54	71779	True
168	Diana	Brown	user168@example.com	M	Australia	2023-06-17	66	98828	True
169	Diana	Williams	user169@example.com	F	USA	2023-06-18	66	42411	False
170	Diana	Jones	user170@example.com	F	Australia	2023-06-19	61	87009	False
171	Diana	Brown	user171@example.com	M	India	2023-06-20	45	45422	False
172	Diana	Miller	user172@example.com	M	USA	2023-06-21	64	72468	True
173	Frank	Williams	user173@example.com	M	Australia	2023-06-22	32	62371	False
174	Frank	Johnson	user174@example.com	F	India	2023-06-23	23	87022	False
175	Charlie	Johnson	user175@example.com	F	Canada	2023-06-24	61	101229	False
176	Bob	Williams	user176@example.com	M	India	2023-06-25	37	81196	True
177	Diana	Miller	user177@example.com	M	UK	2023-06-26	67	110354	False
178	Alice	Williams	user178@example.com	M	India	2023-06-27	31	56715	True
179	Frank	Jones	user179@example.com	F	India	2023-06-28	19	57605	False
180	Alice	Jones	user180@example.com	F	UK	2023-06-29	26	61174	True
181	Alice	Johnson	user181@example.com	F	Australia	2023-06-30	54	39956	True
182	Alice	Brown	user182@example.com	F	Australia	2023-07-01	37	106373	True
183	Charlie	Miller	user183@example.com	M	India	2023-07-02	43	99252	False
184	Frank	Johnson	user184@example.com	M	UK	2023-07-03	46	91949	False
185	Alice	Brown	user185@example.com	M	UK	2023-07-04	18	92646	True
186	Diana	Brown	user186@example.com	M	Canada	2023-07-05	52	100017	True
187	Eve	Jones	user187@example.com	F	Australia	2023-07-06	23	93037	False
188	Alice	Smith	user188@example.com	F	USA	2023-07-07	54	119818	False
189	Charlie	Smith	user189@example.com	M	Australia	2023-07-08	22	36548	True
190	Frank	Williams	user190@example.com	M	Australia	2023-07-09	50	103294	False
191	Charlie	Jones	user191@example.com	F	Canada	2023-07-10	66	53177	False
192	Alice	Brown	user192@example.com	M	USA	2023-07-11	68	54022	False
193	Frank	Miller	user193@example.com	F	Canada	2023-07-12	31	35542	False
194	Eve	Smith	user194@example.com	M	USA	2023-07-13	29	90428	True
195	Alice	Brown	user195@example.com	M	India	2023-07-14	59	52740	False
196	Charlie	Smith	user196@example.com	M	USA	2023-07-15	37	89353	False
197	Bob	Smith	user197@example.com	M	Canada	2023-07-16	67	86532	True
198	Diana	Smith	user198@example.com	M	Australia	2023-07-17	41	46052	True
199	Charlie	Miller	user199@example.com	M	USA	2023-07-18	60	77076	False
200	Frank	Jones	user200@example.com	M	USA	2023-07-19	51	83420	False
201	Alice	Miller	user201@example.com	F	UK	2023-07-20	42	30671	False
202	Diana	Johnson	user202@example.com	F	Australia	2023-07-21	67	30163	False
203	Alice	Brown	user203@example.com	F	India	2023-07-22	46	71424	True
204	Frank	Jones	user204@example.com	F	Canada	2023-07-23	56	83744	True
205	Alice	Jones	user205@example.com	F	India	2023-07-24	48	100331	True
206	Bob	Jones	user206@example.com	M	Australia	2023-07-25	64	40634	False
207	Diana	Jones	user207@example.com	M	USA	2023-07-26	60	34798	False
208	Diana	Miller	user208@example.com	F	USA	2023-07-27	67	52420	False
209	Frank	Jones	user209@example.com	M	Australia	2023-07-28	40	59300	False
210	Bob	Williams	user210@example.com	F	USA	2023-07-29	61	119881	True
211	Charlie	Brown	user211@example.com	F	USA	2023-07-30	55	40749	True
212	Alice	Jones	user212@example.com	M	USA	2023-07-31	37	55121	False
213	Eve	Brown	user213@example.com	M	Canada	2023-08-01	40	67487	True
214	Alice	Williams	user214@example.com	M	Canada	2023-08-02	62	63361	False
215	Alice	Williams	user215@example.com	F	UK	2023-08-03	69	51223	False
216	Charlie	Brown	user216@example.com	M	India	2023-08-04	33	102930	True
217	Alice	Smith	user217@example.com	F	Australia	2023-08-05	67	44056	False
218	Bob	Johnson	user218@example.com	F	Australia	2023-08-06	59	58380	False
219	Bob	Smith	user219@example.com	F	Australia	2023-08-07	25	56035	True
220	Diana	Smith	user220@example.com	M	UK	2023-08-08	67	60620	False
221	Frank	Miller	user221@example.com	M	Canada	2023-08-09	38	49877	False
222	Eve	Smith	user222@example.com	F	UK	2023-08-10	18	85316	True
223	Alice	Jones	user223@example.com	M	Australia	2023-08-11	25	94041	False
224	Alice	Miller	user224@example.com	M	India	2023-08-12	46	83352	True
225	Charlie	Miller	user225@example.com	M	USA	2023-08-13	49	60911	False
226	Frank	Williams	user226@example.com	F	Canada	2023-08-14	55	62784	True
227	Bob	Smith	user227@example.com	F	Canada	2023-08-15	22	33191	True
228	Eve	Williams	user228@example.com	M	UK	2023-08-16	64	63160	True
229	Diana	Brown	user229@example.com	F	Canada	2023-08-17	39	94641	False
230	Bob	Johnson	user230@example.com	M	Australia	2023-08-18	64	79723	True
231	Frank	Miller	user231@example.com	M	Australia	2023-08-19	51	33631	True
232	Diana	Brown	user232@example.com	M	UK	2023-08-20	18	36172	True
233	Charlie	Brown	user233@example.com	M	Australia	2023-08-21	43	72080	True
234	Charlie	Jones	user234@example.com	F	India	2023-08-22	60	119097	True
235	Alice	Johnson	user235@example.com	F	UK	2023-08-23	27	50281	False
236	Frank	Brown	user236@example.com	F	India	2023-08-24	47	58671	False
237	Eve	Brown	user237@example.com	M	USA	2023-08-25	67	81431	False
238	Diana	Johnson	user238@example.com	M	India	2023-08-26	35	58602	False
239	Bob	Johnson	user239@example.com	M	USA	2023-08-27	34	118789	False
240	Frank	Brown	user240@example.com	F	USA	2023-08-28	43	81399	False
241	Frank	Johnson	user241@example.com	M	India	2023-08-29	25	53472	False
242	Charlie	Brown	user242@example.com	F	UK	2023-08-30	64	79230	True
243	Alice	Brown	user243@example.com	F	Australia	2023-08-31	57	103616	False
244	Alice	Jones	user244@example.com	F	Australia	2023-09-01	66	37099	True
245	Diana	Smith	user245@example.com	F	USA	2023-09-02	29	55431	True
246	Charlie	Brown	user246@example.com	F	USA	2023-09-03	44	86492	False
247	Frank	Williams	user247@example.com	F	UK	2023-09-04	25	77684	True
248	Eve	Miller	user248@example.com	M	Canada	2023-09-05	42	60111	True
249	Charlie	Smith	user249@example.com	M	India	2023-09-06	63	93936	True
250	Diana	Smith	user250@example.com	F	USA	2023-09-07	21	52614	True
251	Diana	Smith	user251@example.com	F	Australia	2023-09-08	50	71991	False
252	Charlie	Jones	user252@example.com	M	UK	2023-09-09	18	100476	False
253	Diana	Brown	user253@example.com	F	India	2023-09-10	36	90920	False
254	Charlie	Jones	user254@example.com	F	UK	2023-09-11	48	93530	False
255	Bob	Brown	user255@example.com	M	India	2023-09-12	33	66224	False
256	Charlie	Jones	user256@example.com	F	India	2023-09-13	31	37788	False
257	Charlie	Jones	user257@example.com	F	USA	2023-09-14	65	58082	False
258	Diana	Miller	user258@example.com	F	UK	2023-09-15	22	119570	False
259	Diana	Williams	user259@example.com	M	UK	2023-09-16	58	106816	False
260	Alice	Jones	user260@example.com	M	Australia	2023-09-17	43	113588	False
261	Alice	Miller	user261@example.com	M	Australia	2023-09-18	45	46531	True
262	Bob	Johnson	user262@example.com	F	USA	2023-09-19	19	118340	False
263	Alice	Williams	user263@example.com	F	USA	2023-09-20	67	74857	True
264	Charlie	Jones	user264@example.com	M	Canada	2023-09-21	23	40142	True
265	Diana	Smith	user265@example.com	F	Australia	2023-09-22	26	78355	True
266	Alice	Johnson	user266@example.com	F	India	2023-09-23	50	39866	True
267	Alice	Johnson	user267@example.com	F	UK	2023-09-24	58	100067	False
268	Bob	Miller	user268@example.com	F	USA	2023-09-25	42	94027	True
269	Frank	Johnson	user269@example.com	F	UK	2023-09-26	65	87906	False
270	Bob	Williams	user270@example.com	M	UK	2023-09-27	30	58138	False
271	Charlie	Jones	user271@example.com	F	Canada	2023-09-28	26	59956	True
272	Diana	Jones	user272@example.com	M	Australia	2023-09-29	30	106295	False
273	Bob	Smith	user273@example.com	F	USA	2023-09-30	48	35439	True
274	Alice	Miller	user274@example.com	M	UK	2023-10-01	58	77241	True
275	Diana	Smith	user275@example.com	F	USA	2023-10-02	28	72533	False
276	Diana	Johnson	user276@example.com	M	India	2023-10-03	21	58270	False
277	Alice	Smith	user277@example.com	F	Canada	2023-10-04	51	108815	True
278	Bob	Williams	user278@example.com	M	India	2023-10-05	55	69279	False
279	Alice	Jones	user279@example.com	F	USA	2023-10-06	63	53888	False
280	Frank	Johnson	user280@example.com	M	USA	2023-10-07	21	47630	False
281	Diana	Smith	user281@example.com	F	Australia	2023-10-08	55	91063	True
282	Eve	Miller	user282@example.com	M	UK	2023-10-09	36	65144	True
283	Eve	Williams	user283@example.com	M	UK	2023-10-10	23	82161	False
284	Charlie	Williams	user284@example.com	F	India	2023-10-11	51	107360	False
285	Alice	Smith	user285@example.com	F	Canada	2023-10-12	35	80979	False
286	Alice	Jones	user286@example.com	M	UK	2023-10-13	30	36979	False
287	Charlie	Smith	user287@example.com	F	Australia	2023-10-14	58	56189	False
288	Charlie	Johnson	user288@example.com	M	India	2023-10-15	40	72600	True
289	Charlie	Smith	user289@example.com	M	India	2023-10-16	36	89560	False
290	Diana	Williams	user290@example.com	M	Australia	2023-10-17	62	108040	True
291	Frank	Smith	user291@example.com	F	Canada	2023-10-18	28	91558	False
292	Alice	Jones	user292@example.com	M	Australia	2023-10-19	18	116205	True
293	Diana	Miller	user293@example.com	M	Canada	2023-10-20	41	36910	False
294	Charlie	Brown	user294@example.com	F	Australia	2023-10-21	24	87713	True
295	Alice	Smith	user295@example.com	F	Australia	2023-10-22	42	76857	False
296	Diana	Jones	user296@example.com	F	USA	2023-10-23	38	64964	True
297	Frank	Jones	user297@example.com	F	India	2023-10-24	32	115667	True
298	Diana	Miller	user298@example.com	M	Australia	2023-10-25	18	55227	True
299	Frank	Williams	user299@example.com	M	Australia	2023-10-26	29	35978	True
300	Charlie	Jones	user300@example.com	M	UK	2023-10-27	24	117527	True
301	Frank	Jones	user301@example.com	M	India	2023-10-28	32	47153	True
302	Alice	Jones	user302@example.com	F	UK	2023-10-29	38	89765	False
303	Charlie	Jones	user303@example.com	M	India	2023-10-30	36	69071	True
304	Alice	Johnson	user304@example.com	M	UK	2023-10-31	46	99519	False
305	Eve	Johnson	user305@example.com	F	Australia	2023-11-01	42	39503	False
306	Bob	Williams	user306@example.com	M	Australia	2023-11-02	50	90703	False
307	Frank	Smith	user307@example.com	M	USA	2023-11-03	66	94379	False
308	Bob	Jones	user308@example.com	M	UK	2023-11-04	49	87866	False
309	Bob	Miller	user309@example.com	M	Canada	2023-11-05	66	46905	True
310	Frank	Smith	user310@example.com	M	USA	2023-11-06	52	75838	True
311	Charlie	Miller	user311@example.com	M	UK	2023-11-07	61	88279	True
312	Eve	Smith	user312@example.com	F	UK	2023-11-08	55	119489	False
313	Alice	Williams	user313@example.com	F	USA	2023-11-09	43	56806	True
314	Diana	Jones	user314@example.com	M	Australia	2023-11-10	28	75000	True
315	Alice	Jones	user315@example.com	M	UK	2023-11-11	52	52168	True
316	Diana	Brown	user316@example.com	F	Australia	2023-11-12	25	100119	True
317	Alice	Miller	user317@example.com	M	USA	2023-11-13	63	68714	True
318	Frank	Smith	user318@example.com	M	Australia	2023-11-14	31	84093	False
319	Eve	Smith	user319@example.com	M	India	2023-11-15	27	85419	True
320	Diana	Johnson	user320@example.com	F	Canada	2023-11-16	19	79145	False
321	Charlie	Brown	user321@example.com	M	UK	2023-11-17	63	107425	False
322	Alice	Johnson	user322@example.com	F	Canada	2023-11-18	26	107811	False
323	Alice	Johnson	user323@example.com	M	Australia	2023-11-19	20	32461	False
324	Diana	Johnson	user324@example.com	F	UK	2023-11-20	38	44291	False
325	Charlie	Miller	user325@example.com	F	Australia	2023-11-21	43	76804	True
326	Charlie	Miller	user326@example.com	M	India	2023-11-22	25	106971	True
327	Frank	Williams	user327@example.com	F	USA	2023-11-23	65	94946	True
328	Frank	Williams	user328@example.com	M	UK	2023-11-24	19	114080	False
329	Frank	Johnson	user329@example.com	F	India	2023-11-25	23	91332	True
330	Frank	Brown	user330@example.com	M	India	2023-11-26	45	107794	True
331	Frank	Smith	user331@example.com	M	UK	2023-11-27	46	60841	False
332	Frank	Miller	user332@example.com	F	Australia	2023-11-28	43	78758	False
333	Eve	Brown	user333@example.com	M	India	2023-11-29	42	106272	False
334	Charlie	Jones	user334@example.com	M	Canada	2023-11-30	29	67643	False
335	Frank	Miller	user335@example.com	F	India	2023-12-01	22	80408	True
336	Charlie	Miller	user336@example.com	M	Australia	2023-12-02	51	73950	False
337	Charlie	Williams	user337@example.com	M	Australia	2023-12-03	65	86849	False
338	Bob	Smith	user338@example.com	F	Canada	2023-12-04	54	58044	True
339	Eve	Smith	user339@example.com	F	India	2023-12-05	32	45997	True
340	Frank	Jones	user340@example.com	M	Australia	2023-12-06	61	109751	False
341	Alice	Jones	user341@example.com	M	UK	2023-12-07	53	53911	True
342	Diana	Miller	user342@example.com	F	USA	2023-12-08	32	85533	False
343	Alice	Johnson	user343@example.com	F	USA	2023-12-09	60	112566	False
344	Eve	Williams	user344@example.com	M	USA	2023-12-10	65	44571	True
345	Diana	Williams	user345@example.com	F	India	2023-12-11	40	87941	True
346	Eve	Miller	user346@example.com	M	Canada	2023-12-12	23	88005	False
347	Charlie	Brown	user347@example.com	M	Australia	2023-12-13	63	116250	False
348	Diana	Johnson	user348@example.com	M	UK	2023-12-14	67	88712	False
349	Charlie	Miller	user349@example.com	M	UK	2023-12-15	61	73541	True
350	Alice	Johnson	user350@example.com	M	India	2023-12-16	60	53387	False
351	Alice	Johnson	user351@example.com	F	USA	2023-12-17	62	78908	False
352	Diana	Johnson	user352@example.com	F	India	2023-12-18	38	115457	False
353	Diana	Miller	user353@example.com	F	Canada	2023-12-19	40	43057	False
354	Frank	Williams	user354@example.com	F	Canada	2023-12-20	60	94028	False
355	Eve	Williams	user355@example.com	M	Australia	2023-12-21	33	85731	True
356	Frank	Johnson	user356@example.com	M	Australia	2023-12-22	64	54858	False
357	Eve	Brown	user357@example.com	M	Canada	2023-12-23	32	78689	False
358	Frank	Smith	user358@example.com	M	Canada	2023-12-24	42	74638	False
359	Charlie	Miller	user359@example.com	F	Canada	2023-12-25	53	76486	False
360	Diana	Smith	user360@example.com	M	India	2023-12-26	28	50567	True
361	Alice	Brown	user361@example.com	M	Canada	2023-12-27	68	59739	True
362	Eve	Miller	user362@example.com	F	UK	2023-12-28	32	87804	True
363	Eve	Johnson	user363@example.com	F	USA	2023-12-29	21	33754	False
364	Alice	Williams	user364@example.com	F	Canada	2023-12-30	38	57044	False
365	Frank	Smith	user365@example.com	F	USA	2023-12-31	30	97260	True
366	Eve	Jones	user366@example.com	M	India	2024-01-01	39	96912	True
367	Charlie	Jones	user367@example.com	M	USA	2024-01-02	36	38706	True
368	Diana	Brown	user368@example.com	F	India	2024-01-03	51	38894	False
369	Alice	Johnson	user369@example.com	M	UK	2024-01-04	31	48037	False
370	Diana	Smith	user370@example.com	M	India	2024-01-05	21	113986	True
371	Eve	Johnson	user371@example.com	M	India	2024-01-06	65	111942	True
372	Eve	Smith	user372@example.com	F	Australia	2024-01-07	69	81612	True
373	Alice	Brown	user373@example.com	M	Canada	2024-01-08	63	59725	False
374	Charlie	Brown	user374@example.com	F	Canada	2024-01-09	44	35926	False
375	Bob	Jones	user375@example.com	M	UK	2024-01-10	46	39496	False
376	Alice	Johnson	user376@example.com	M	UK	2024-01-11	64	86447	True
377	Bob	Miller	user377@example.com	M	Canada	2024-01-12	45	59806	True
378	Frank	Jones	user378@example.com	F	Australia	2024-01-13	52	118199	False
379	Bob	Johnson	user379@example.com	M	Canada	2024-01-14	25	71321	True
380	Charlie	Jones	user380@example.com	F	Australia	2024-01-15	33	95095	False
381	Frank	Miller	user381@example.com	F	UK	2024-01-16	59	52656	True
382	Bob	Williams	user382@example.com	F	USA	2024-01-17	53	85147	True
383	Frank	Williams	user383@example.com	M	UK	2024-01-18	47	79666	True
384	Bob	Williams	user384@example.com	M	UK	2024-01-19	35	112368	True
385	Charlie	Williams	user385@example.com	M	India	2024-01-20	19	68787	False
386	Bob	Smith	user386@example.com	M	India	2024-01-21	66	92946	True
387	Bob	Williams	user387@example.com	F	India	2024-01-22	30	51727	False
388	Bob	Miller	user388@example.com	F	India	2024-01-23	21	98056	False
389	Alice	Brown	user389@example.com	F	Australia	2024-01-24	43	33081	False
390	Alice	Brown	user390@example.com	M	Canada	2024-01-25	42	64196	True
391	Alice	Smith	user391@example.com	F	USA	2024-01-26	47	66735	False
392	Charlie	Williams	user392@example.com	M	UK	2024-01-27	28	110102	False
393	Frank	Williams	user393@example.com	F	Australia	2024-01-28	24	109578	False
394	Eve	Williams	user394@example.com	M	USA	2024-01-29	48	55498	True
395	Bob	Jones	user395@example.com	M	Australia	2024-01-30	61	106865	True
396	Bob	Johnson	user396@example.com	F	Australia	2024-01-31	27	61656	False
397	Charlie	Jones	user397@example.com	F	UK	2024-02-01	56	97695	True
398	Bob	Johnson	user398@example.com	F	Canada	2024-02-02	30	67900	False
399	Alice	Williams	user399@example.com	F	India	2024-02-03	48	114899	False
400	Eve	Williams	user400@example.com	M	Canada	2024-02-04	24	77701	True
401	Diana	Jones	user401@example.com	F	UK	2024-02-05	66	49033	False
402	Bob	Jones	user402@example.com	F	UK	2024-02-06	59	40805	True
403	Alice	Johnson	user403@example.com	F	UK	2024-02-07	59	65851	True
404	Diana	Brown	user404@example.com	M	USA	2024-02-08	53	56832	False
405	Eve	Johnson	user405@example.com	M	Canada	2024-02-09	37	93437	True
406	Diana	Jones	user406@example.com	F	Canada	2024-02-10	21	43944	True
407	Alice	Miller	user407@example.com	M	Australia	2024-02-11	24	49873	False
408	Frank	Jones	user408@example.com	F	Australia	2024-02-12	18	70372	False
409	Frank	Miller	user409@example.com	M	Australia	2024-02-13	61	119464	True
410	Diana	Smith	user410@example.com	M	UK	2024-02-14	62	45379	True
411	Charlie	Jones	user411@example.com	M	Canada	2024-02-15	59	66751	False
412	Diana	Smith	user412@example.com	M	UK	2024-02-16	64	119822	True
413	Bob	Brown	user413@example.com	F	USA	2024-02-17	30	35110	True
414	Bob	Johnson	user414@example.com	F	Australia	2024-02-18	39	84341	True
415	Frank	Miller	user415@example.com	F	UK	2024-02-19	38	42087	True
416	Charlie	Johnson	user416@example.com	M	UK	2024-02-20	39	53762	True
417	Alice	Smith	user417@example.com	F	USA	2024-02-21	45	112617	True
418	Bob	Miller	user418@example.com	F	India	2024-02-22	26	39596	True
419	Frank	Johnson	user419@example.com	F	Canada	2024-02-23	43	48313	False
420	Eve	Jones	user420@example.com	M	India	2024-02-24	26	96549	False
421	Frank	Williams	user421@example.com	M	Australia	2024-02-25	32	53705	False
422	Bob	Smith	user422@example.com	M	UK	2024-02-26	27	97364	False
423	Bob	Johnson	user423@example.com	F	USA	2024-02-27	41	103445	False
424	Frank	Smith	user424@example.com	F	USA	2024-02-28	59	108645	True
425	Alice	Smith	user425@example.com	F	Canada	2024-02-29	25	32023	True
426	Diana	Miller	user426@example.com	M	India	2024-03-01	41	89796	True
427	Bob	Miller	user427@example.com	M	Canada	2024-03-02	33	110073	True
428	Frank	Williams	user428@example.com	F	UK	2024-03-03	66	94429	False
429	Frank	Jones	user429@example.com	M	Canada	2024-03-04	43	91627	True
430	Charlie	Smith	user430@example.com	M	USA	2024-03-05	44	63848	True
431	Diana	Johnson	user431@example.com	M	USA	2024-03-06	54	67804	False
432	Eve	Brown	user432@example.com	M	Australia	2024-03-07	21	45379	True
433	Alice	Smith	user433@example.com	F	Australia	2024-03-08	67	89664	True
434	Eve	Smith	user434@example.com	M	UK	2024-03-09	41	57766	False
435	Diana	Williams	user435@example.com	M	India	2024-03-10	36	98099	True
436	Diana	Jones	user436@example.com	M	Canada	2024-03-11	53	66060	True
437	Diana	Brown	user437@example.com	M	UK	2024-03-12	56	99122	True
438	Eve	Miller	user438@example.com	F	Australia	2024-03-13	27	46087	True
439	Diana	Miller	user439@example.com	F	Canada	2024-03-14	42	78868	True
440	Frank	Johnson	user440@example.com	M	Australia	2024-03-15	35	53225	False
441	Eve	Brown	user441@example.com	M	Canada	2024-03-16	36	36643	False
442	Diana	Miller	user442@example.com	M	India	2024-03-17	53	66727	False
443	Frank	Johnson	user443@example.com	M	UK	2024-03-18	27	41005	False
444	Charlie	Jones	user444@example.com	M	Canada	2024-03-19	50	95697	False
445	Diana	Johnson	user445@example.com	M	USA	2024-03-20	67	46029	False
446	Eve	Miller	user446@example.com	F	USA	2024-03-21	22	44226	True
447	Bob	Williams	user447@example.com	M	Canada	2024-03-22	64	93646	False
448	Diana	Williams	user448@example.com	F	Canada	2024-03-23	66	90603	False
449	Bob	Williams	user449@example.com	F	Canada	2024-03-24	52	58731	True
450	Frank	Miller	user450@example.com	M	USA	2024-03-25	61	98926	True
451	Charlie	Williams	user451@example.com	F	USA	2024-03-26	51	35997	False
452	Alice	Brown	user452@example.com	F	Canada	2024-03-27	50	85506	True
453	Charlie	Jones	user453@example.com	F	Australia	2024-03-28	38	108229	False
454	Diana	Johnson	user454@example.com	F	Australia	2024-03-29	34	79815	True
455	Bob	Johnson	user455@example.com	F	India	2024-03-30	39	72092	False
456	Bob	Miller	user456@example.com	F	UK	2024-03-31	65	92539	True
457	Eve	Williams	user457@example.com	M	Australia	2024-04-01	54	96077	True
458	Bob	Williams	user458@example.com	F	USA	2024-04-02	32	51817	False
459	Eve	Smith	user459@example.com	F	Australia	2024-04-03	52	67861	False
460	Frank	Jones	user460@example.com	F	India	2024-04-04	45	43428	False
461	Alice	Brown	user461@example.com	M	India	2024-04-05	24	73934	False
462	Diana	Johnson	user462@example.com	F	UK	2024-04-06	49	40258	False
463	Eve	Smith	user463@example.com	M	Australia	2024-04-07	28	87775	True
464	Alice	Smith	user464@example.com	F	USA	2024-04-08	27	111580	False
465	Bob	Miller	user465@example.com	M	USA	2024-04-09	26	35469	False
466	Bob	Johnson	user466@example.com	M	Canada	2024-04-10	31	58854	True
467	Alice	Miller	user467@example.com	F	USA	2024-04-11	30	36256	True
468	Bob	Brown	user468@example.com	F	UK	2024-04-12	42	106256	False
469	Frank	Smith	user469@example.com	M	UK	2024-04-13	19	63937	True
470	Frank	Smith	user470@example.com	F	USA	2024-04-14	52	31651	True
471	Alice	Jones	user471@example.com	M	USA	2024-04-15	24	80288	False
472	Eve	Brown	user472@example.com	M	Canada	2024-04-16	38	114730	True
473	Eve	Smith	user473@example.com	M	USA	2024-04-17	35	55051	True
474	Alice	Brown	user474@example.com	M	Canada	2024-04-18	20	57386	False
475	Eve	Johnson	user475@example.com	M	Canada	2024-04-19	59	105054	False
476	Eve	Williams	user476@example.com	F	USA	2024-04-20	56	46184	True
477	Frank	Smith	user477@example.com	M	India	2024-04-21	58	63787	True
478	Eve	Jones	user478@example.com	M	India	2024-04-22	66	51621	False
479	Charlie	Johnson	user479@example.com	F	Canada	2024-04-23	28	105564	True
480	Diana	Brown	user480@example.com	M	USA	2024-04-24	56	107984	True
481	Bob	Miller	user481@example.com	F	India	2024-04-25	41	89792	True
482	Charlie	Johnson	user482@example.com	F	USA	2024-04-26	63	75253	False
483	Eve	Smith	user483@example.com	F	USA	2024-04-27	36	64051	True
484	Frank	Brown	user484@example.com	M	USA	2024-04-28	21	79811	True
485	Alice	Williams	user485@example.com	M	Australia	2024-04-29	43	60447	False
486	Eve	Johnson	user486@example.com	M	USA	2024-04-30	55	113930	True
487	Frank	Smith	user487@example.com	F	Australia	2024-05-01	59	60254	True
488	Diana	Jones	user488@example.com	M	Canada	2024-05-02	49	114045	False
489	Eve	Miller	user489@example.com	F	India	2024-05-03	56	87418	False
490	Alice	Brown	user490@example.com	M	India	2024-05-04	62	44472	False
491	Frank	Johnson	user491@example.com	F	India	2024-05-05	63	33471	False
492	Frank	Johnson	user492@example.com	M	India	2024-05-06	53	38329	True
493	Frank	Williams	user493@example.com	M	India	2024-05-07	57	64865	True
494	Diana	Williams	user494@example.com	M	India	2024-05-08	54	76850	False
495	Eve	Jones	user495@example.com	F	India	2024-05-09	50	84220	False
496	Diana	Miller	user496@example.com	F	Canada	2024-05-10	53	36397	True
497	Bob	Jones	user497@example.com	M	USA	2024-05-11	20	65525	False
498	Bob	Smith	user498@example.com	M	UK	2024-05-12	26	83072	True
499	Eve	Smith	user499@example.com	F	Australia	2024-05-13	25	113820	False
500	Diana	Jones	user500@example.com	F	UK	2024-05-14	50	114530	True
